epsilon,status,score
0,final,0.3257752135371524
0,original,0.32494720309266895
10,final,0.3402164700271615
10,original,0.32494720309266895
20,final,0.35085666351065165
20,original,0.32494720309266895
